id,message,expiryTimestamp
1321,Hello at 2026-09-23T09:51:26.261Z,2026-10-07T09:51:26.261Z
1322,Hello at 2026-09-24T09:51:51.676Z,2026-10-08T09:51:51.676Z
1323,Hello at 2026-09-25T10:07:06.221Z,2026-10-09T10:07:06.221Z
1324,Hello at 2026-09-26T09:47:30.655Z,2026-10-10T09:47:30.655Z
1325,Hello at 2026-09-27T10:28:43.575Z,2026-10-11T10:28:43.576Z
1326,Hello at 2026-09-28T11:36:36.013Z,2026-10-12T11:36:36.014Z
1327,Hello at 2026-09-29T11:14:46.859Z,2026-10-13T11:14:46.859Z
1328,Hello at 2026-09-30T11:03:08.174Z,2026-10-14T11:03:08.175Z
1329,Hello at 2026-10-01T11:29:58.168Z,2026-10-15T11:29:58.168Z
1330,Hello at 2026-10-02T10:59:36.745Z,2026-10-16T10:59:36.745Z
1331,Hello at 2026-10-03T10:19:20.656Z,2026-10-17T10:19:20.657Z
1332,Hello at 2026-10-04T11:02:41.706Z,2026-10-18T11:02:41.706Z
1333,Hello at 2026-10-05T12:10:55.836Z,2026-10-19T12:10:55.836Z
1334,Hello at 2026-10-06T11:54:52.272Z,2026-10-20T11:54:52.272Z
